operating_hours_thousands,days_since_service,vibration_mm_s,bearing_temperature_celsius,average_daily_runtime_hours,machine_type,load_profile,lubrication_system
9.82,711,10.38,51.7,15.3,2,2,0
9.0,409,0.87,89.7,11.9,1,0,0
10.57,424,12.68,88.1,7.1,1,2,0
2.91,168,12.42,73.0,6.9,1,2,1
1.78,118,8.68,39.7,5.2,0,1,1
8.42,450,0.58,65.9,19.6,1,3,1
0.49,453,12.66,89.5,17.6,1,2,1
2.66,440,5.6,101.5,16.4,0,3,1
16.5,28,1.76,64.3,11.6,2,2,1
13.7,214,11.3,56.3,13.4,2,1,0
16.65,204,12.85,61.8,22.5,0,0,0
8.63,479,0.53,68.7,13.4,1,1,1
13.0,217,4.28,40.1,9.0,0,3,1
15.57,679,2.19,97.1,11.1,2,0,0
5.61,546,1.2,58.7,9.5,1,2,1
13.2,49,6.09,54.6,17.3,1,0,0
11.29,403,4.7,51.0,5.8,0,1,0
8.7,523,10.2,70.8,17.3,2,2,1
15.82,125,7.96,79.8,18.5,1,1,1
6.04,556,8.0,87.7,15.6,0,1,0
0.49,622,7.609999999999999,63.6,15.6,2,1,0
6.03,118,2.74,52.7,18.7,1,1,0
11.69,207,3.95,51.8,17.0,0,2,1
13.23,243,11.04,54.7,18.3,2,2,0
7.48,412,1.9,48.3,12.2,2,0,1
11.72,112,10.94,52.8,21.5,2,2,1
8.66,46,3.71,110.1,14.7,2,1,0
16.65,25,9.25,98.2,13.1,1,2,1
4.25,218,2.21,42.2,11.4,0,2,0
16.32,588,11.87,111.4,7.5,1,1,1
13.56,700,8.28,45.0,11.5,1,1,0
13.33,430,11.51,76.4,13.8,2,0,0
11.63,231,12.59,83.8,6.1,1,1,1
13.61,677,1.77,89.5,19.8,2,3,0
10.07,48,7.08,60.8,8.1,1,2,1
1.71,217,11.17,106.7,15.6,1,1,1
10.3,717,11.24,107.1,8.5,0,2,0
6.48,683,3.14,95.1,21.7,0,3,1
7.35,596,3.13,60.5,10.4,0,1,1
8.73,558,1.5,61.2,11.9,1,1,1
1.84,445,10.18,80.0,4.9,2,3,1
6.27,703,1.08,110.6,4.4,0,2,1
4.04,653,13.65,71.1,7.9,1,1,0
14.68,599,3.52,63.4,14.5,1,0,1
7.96,183,11.0,39.2,16.4,0,2,0
17.17,542,3.76,62.7,10.7,1,2,1
10.63,431,13.35,67.0,14.9,0,2,1
10.91,608,8.92,97.6,20.0,0,1,1
3.48,558,10.86,65.5,19.6,0,1,0
5.84,116,6.09,77.2,7.0,0,0,0
9.2,240,2.94,86.0,13.3,1,1,1
7.52,282,11.82,75.1,9.6,0,1,1
16.19,192,8.35,62.8,12.6,1,1,1
2.98,466,13.73,108.4,10.8,2,3,1
13.78,65,1.71,66.6,22.1,0,2,1
14.24,385,3.14,65.2,8.1,0,2,1
4.35,176,0.72,44.3,14.3,0,2,1
13.85,391,8.65,104.3,6.5,0,2,0
1.91,99,7.32,101.7,13.3,1,3,0
1.93,62,6.49,107.3,7.5,2,0,1
7.02,404,11.9,79.5,16.1,2,1,1
11.38,574,1.85,49.6,7.9,0,3,1
5.38,685,8.27,65.7,16.6,1,1,1
11.56,247,2.13,73.0,13.9,2,1,1
15.59,391,11.89,88.5,4.8,2,2,1
14.74,403,12.31,71.5,17.3,0,1,1
2.66,322,7.31,92.0,4.7,2,3,0
7.08,28,3.58,68.8,6.8,1,2,0
12.76,112,4.93,73.0,16.3,1,2,1
9.83,636,2.36,106.4,6.8,1,0,1
10.15,626,4.49,90.7,9.5,0,2,0
7.84,311,6.97,50.9,4.5,2,0,1
7.48,438,8.55,45.2,6.1,1,1,0
13.94,356,12.66,107.9,8.2,1,2,0
15.46,655,9.11,95.6,4.6,1,2,0
7.75,487,7.96,90.5,12.5,0,2,1
6.49,667,12.18,50.4,15.1,2,3,1
0.56,114,4.94,109.8,11.8,1,1,0
12.52,712,12.95,105.4,11.9,0,2,1
10.92,5,10.28,108.6,18.6,2,1,0
7.55,245,10.4,83.9,9.6,0,2,1
14.58,302,11.48,41.2,10.4,0,3,1
15.78,85,2.54,56.5,12.0,1,0,1
12.62,263,7.609999999999999,81.0,16.2,0,3,1
10.52,231,8.38,60.5,4.3,1,1,1
4.93,183,5.22,69.5,21.1,0,1,1
0.62,523,1.95,80.9,10.0,1,2,1
3.88,185,7.56,99.2,6.1,0,2,0
1.27,428,6.06,96.7,14.4,1,1,0
1.18,630,3.45,110.4,6.4,1,1,1
6.48,35,12.09,47.0,15.5,2,2,0
17.66,85,13.92,46.8,4.4,1,0,1
8.87,290,10.99,59.2,14.3,1,2,0
6.99,550,5.93,38.3,18.5,0,0,0
3.29,42,11.99,108.0,11.7,1,1,1
9.35,346,13.65,70.3,21.7,0,2,1
3.25,662,11.4,85.0,9.1,0,2,0
11.52,568,9.24,67.9,14.0,0,0,0
12.76,688,3.54,89.6,10.8,1,2,0
4.75,186,9.53,72.9,5.7,0,0,1
5.99,123,6.97,98.1,15.8,1,1,1
7.58,682,9.45,79.6,13.4,1,0,0
7.18,403,4.95,57.7,9.8,0,1,1
14.88,442,6.97,90.4,17.9,2,2,1
1.61,600,12.25,49.9,7.1,1,1,0
8.34,326,10.7,100.1,13.5,1,1,1
15.45,577,1.13,57.3,9.1,2,1,1
13.83,617,8.8,101.5,6.5,0,0,0
8.04,654,11.18,101.7,15.6,0,0,0
9.73,512,7.37,75.1,12.7,0,3,1
7.04,574,11.55,69.6,9.6,2,0,1
15.02,569,2.82,69.2,18.4,1,2,0
11.28,87,3.31,81.4,21.5,0,1,1
13.99,438,3.4,42.8,14.8,0,1,1
7.37,298,2.85,98.5,11.0,0,3,1
16.02,208,6.83,59.7,10.9,1,3,1
4.69,646,7.57,97.8,17.5,0,0,0
6.04,492,2.91,98.9,22.8,1,1,0
6.12,574,13.14,102.2,8.3,2,0,1
5.91,545,5.76,50.3,16.5,0,0,1
4.6,338,12.69,101.1,7.2,0,2,0
10.47,632,13.15,83.0,10.5,0,0,1
7.19,614,7.609999999999999,104.2,11.0,2,2,1
11.6,695,11.65,105.9,15.3,2,1,1
4.01,195,13.96,46.0,9.2,2,2,1
17.43,413,10.18,110.7,5.2,0,2,1
10.02,281,12.6,81.7,19.0,1,0,1
17.04,155,4.3,46.5,22.7,2,0,1
13.2,388,8.98,111.0,14.3,1,1,1
15.64,120,9.81,67.4,4.6,0,1,1
12.28,524,13.31,75.1,12.3,1,3,1
17.32,164,2.01,87.6,12.6,0,1,1
16.78,660,3.32,49.5,8.1,1,1,1
12.55,327,12.96,42.6,20.0,1,1,1
1.66,716,0.75,69.9,16.0,2,3,1
17.62,282,13.38,93.8,4.5,2,3,1
10.81,656,3.08,107.4,20.2,0,3,1
8.2,678,12.87,73.0,11.0,1,3,1
3.69,359,9.91,79.5,7.1,1,2,0
3.69,426,5.07,90.2,17.6,0,2,1
10.55,696,4.5,97.1,13.1,2,2,1
0.65,672,7.609999999999999,106.0,17.0,2,0,1
9.86,295,13.75,85.1,17.6,1,3,0
12.78,283,8.38,47.5,5.4,0,1,1
0.57,364,12.68,50.0,19.5,1,1,0
5.4,714,9.82,84.5,13.4,2,1,0
13.6,556,7.609999999999999,50.0,5.3,0,2,1
10.19,10,1.77,46.3,19.9,0,1,1
9.44,283,13.79,45.9,19.4,0,1,1
16.11,154,7.77,64.2,12.7,2,1,1
1.16,269,5.89,104.1,11.9,2,1,0
0.44,542,7.38,70.7,21.4,1,1,1
3.41,692,11.04,61.1,18.8,2,1,1
17.84,48,10.69,64.6,18.2,1,1,1
16.1,603,7.01,50.1,13.2,0,1,0
16.57,241,12.0,109.8,22.1,0,2,1
2.15,549,7.75,73.3,21.6,0,2,1
17.52,533,5.31,62.4,6.6,1,2,1
2.61,529,3.02,95.5,13.4,2,0,1
12.57,409,12.01,78.2,21.5,1,1,1
6.97,236,11.05,52.3,8.3,0,2,0
9.18,470,8.77,70.9,13.3,2,1,1
9.59,581,5.97,42.9,14.8,0,1,0
12.1,428,1.82,104.1,16.3,0,1,1
13.16,665,6.83,109.1,14.4,0,3,1
3.08,297,10.05,53.6,21.9,0,0,0
12.86,284,8.45,85.8,9.1,1,0,1
14.66,636,9.53,53.8,15.7,2,3,1
8.71,563,7.84,97.7,16.3,0,3,1
11.72,412,8.37,86.8,14.5,0,1,0
6.34,280,1.64,72.9,4.8,0,1,1
9.35,168,12.3,39.5,11.2,2,2,0
9.12,702,2.5,38.0,6.9,0,3,0
6.98,419,3.55,111.7,4.2,1,1,1
8.3,361,8.86,106.9,21.9,0,1,0
2.45,694,10.76,62.5,4.5,2,1,1
2.46,33,6.94,84.5,9.1,2,1,0
12.9,329,13.14,66.1,10.6,2,1,1
15.08,699,2.06,106.9,16.6,1,1,1
0.64,710,9.01,65.9,7.3,0,1,0
17.28,589,2.28,54.3,22.9,0,0,0
17.0,117,7.16,106.4,22.6,1,2,0
5.01,218,6.71,88.3,17.6,0,2,0
13.47,651,3.76,87.5,4.4,1,3,1
10.98,495,11.41,71.8,19.6,0,1,1
10.97,375,10.6,92.4,16.3,1,0,1
17.93,84,6.51,94.6,18.9,0,1,1
12.38,107,9.91,69.6,10.3,0,3,1
1.89,149,2.14,50.8,11.6,1,3,0
11.96,431,2.14,70.2,4.7,1,1,0
4.69,357,8.97,64.8,12.1,2,2,1
0.84,472,11.57,105.8,16.3,1,2,1
5.23,97,3.86,96.1,15.9,0,2,0
12.9,175,13.54,65.1,16.4,1,2,1
7.13,519,4.57,93.8,12.2,0,1,0
4.59,210,11.29,110.1,14.1,0,0,1
6.2,230,8.25,101.8,16.2,1,3,1
2.64,595,3.68,92.1,5.6,0,0,1
10.26,478,11.06,72.4,10.8,0,2,1
14.5,199,3.35,40.7,12.9,0,3,0
10.61,668,4.11,57.7,13.0,1,1,1
1.71,707,3.93,87.3,10.3,1,2,1
17.87,9,11.11,87.6,16.8,0,3,0
2.62,178,6.61,99.2,14.4,0,2,1
6.15,5,2.61,40.3,18.4,0,1,0
16.78,608,13.48,105.8,18.7,2,1,1
16.01,241,9.77,59.6,21.8,2,2,0
2.98,31,7.16,42.5,19.2,1,3,0
7.24,482,11.98,85.2,18.4,2,1,0
16.4,619,4.04,94.7,15.2,1,0,0
13.82,291,11.93,85.9,15.4,0,1,1
17.8,300,10.5,92.1,18.0,0,2,1
13.67,585,1.13,74.2,5.6,0,1,1
14.38,305,8.43,41.0,10.6,0,2,0
4.96,549,9.07,98.2,19.5,2,1,0
10.13,82,11.02,67.8,11.4,0,1,1
13.56,91,11.34,52.5,13.8,0,1,1
7.51,184,6.1,59.1,22.1,2,3,0
14.65,421,7.56,108.4,8.4,2,1,1
0.55,688,4.79,70.2,5.7,0,2,0
15.37,449,1.75,53.0,19.5,0,0,1
3.09,454,6.45,55.7,13.4,1,3,0
6.87,137,13.13,38.0,10.3,1,3,0
7.73,616,5.0,65.0,16.6,2,3,1
11.71,621,10.92,38.5,18.0,2,2,0
17.2,456,5.17,74.0,17.0,0,1,1
8.42,606,7.54,41.7,6.0,2,2,1
5.96,16,10.49,52.8,16.1,0,1,0
8.95,498,1.4,91.5,8.8,0,1,1
4.63,281,6.53,73.9,15.3,1,0,1
13.81,657,5.33,84.9,8.1,1,1,1
0.87,659,2.96,65.5,10.2,0,1,1
13.62,543,9.81,91.7,16.3,1,2,1
3.53,281,4.78,109.1,16.4,0,2,0
3.27,511,13.65,103.3,8.7,0,3,1
5.42,179,7.609999999999999,81.4,13.4,1,2,0
0.35,510,1.94,73.0,15.7,0,3,1
3.24,127,9.04,76.8,7.6,2,1,1
0.69,359,3.35,50.7,17.3,0,3,1
1.14,567,9.93,69.1,13.8,0,2,0
17.78,33,7.93,66.6,14.4,2,1,1
1.35,346,12.08,66.6,10.0,0,1,0
16.3,239,12.13,92.8,5.3,1,1,0
11.3,369,12.48,73.0,5.7,1,1,1
16.84,574,1.86,43.0,19.1,1,2,0
11.33,581,2.88,68.3,21.9,0,1,1
10.23,172,10.61,44.4,11.5,0,1,0
17.47,652,9.28,99.4,19.9,0,1,1
6.27,228,6.84,49.2,11.2,0,0,0
13.52,43,0.67,40.8,10.0,0,1,1
5.42,285,3.74,86.0,13.4,1,3,0
9.81,713,2.45,101.0,9.7,0,2,1
17.39,306,8.15,94.0,10.9,0,2,1
7.25,61,1.36,91.4,15.5,2,2,1
6.91,536,5.64,46.1,11.2,2,1,0
2.27,595,13.77,38.2,7.9,0,3,1
3.68,404,8.52,53.5,8.1,1,1,1
0.67,640,7.35,92.1,6.5,1,0,1
16.1,82,12.18,60.5,19.1,2,3,0
15.33,480,1.48,105.3,6.0,2,1,0
12.67,202,1.57,76.5,15.7,0,0,1
5.09,593,2.43,107.6,6.5,2,1,1
7.18,623,10.41,61.3,21.8,1,0,1
17.62,436,10.0,84.2,18.7,2,0,0
15.5,621,12.66,98.7,17.3,0,2,0
0.37,153,7.63,97.7,17.9,0,1,1
6.31,32,4.68,69.7,6.3,1,2,0
15.22,498,12.48,104.8,12.6,1,1,1
15.84,493,1.9,80.7,20.7,0,3,1
8.87,375,13.07,43.8,14.8,2,1,1
8.83,506,4.04,75.0,5.0,2,2,0
6.48,572,1.38,42.0,11.0,1,2,1
12.46,350,4.97,55.2,5.1,2,3,1
15.66,507,5.21,94.1,5.6,0,1,1
14.14,575,1.42,92.0,22.0,1,2,0
7.47,639,12.41,76.0,12.2,1,3,1
11.76,189,12.08,46.9,11.7,1,3,1
3.59,585,4.99,63.0,23.0,2,1,1
3.57,660,4.23,90.2,4.6,2,1,1
14.82,525,11.66,110.6,10.7,1,2,0
11.47,476,11.39,108.8,17.1,1,3,0
6.71,425,0.78,79.9,12.0,0,2,0
14.56,363,9.95,110.5,6.2,2,0,0
2.16,461,5.07,71.4,17.5,1,1,0
6.48,200,2.08,109.5,12.1,1,1,1
6.71,703,10.74,81.5,9.4,0,1,1
16.33,282,0.93,80.2,20.6,0,2,1
17.67,95,6.31,69.7,17.0,1,0,1
1.02,373,0.65,69.2,19.5,1,1,1
5.21,399,6.59,51.2,19.6,0,2,1
1.96,614,4.07,52.3,17.4,0,3,0
17.92,237,5.73,38.9,17.6,1,0,1
7.0,148,6.35,72.0,19.3,0,2,1
4.34,293,2.42,81.1,19.3,0,1,1
7.56,427,8.2,74.5,7.1,0,0,0
5.32,75,5.86,74.6,12.3,2,1,1
7.3,35,10.73,78.0,12.8,0,2,1
9.15,580,13.56,103.0,16.1,1,2,1
15.16,583,13.74,94.1,21.8,0,0,1
8.76,619,8.92,74.7,19.7,2,1,1
4.85,185,13.76,59.0,6.3,2,1,1
11.29,391,4.19,62.3,16.0,2,0,0
5.4,544,7.72,87.1,4.4,1,2,1
17.03,493,1.1,88.2,14.9,0,1,1
9.23,189,7.59,42.6,15.5,0,3,1
16.62,704,7.7,38.1,21.1,1,1,1
15.11,297,11.64,64.0,20.5,1,2,1
7.16,447,9.63,104.3,16.1,0,0,1
11.59,51,0.77,75.8,11.4,2,1,1
1.0,576,12.16,88.4,18.7,1,1,1
10.35,255,4.95,96.0,21.2,2,2,1
3.46,323,0.62,86.3,13.4,0,1,1
7.52,535,4.34,93.5,10.7,0,0,1
13.43,20,13.82,80.5,12.4,0,3,1
0.7,440,10.34,53.3,20.7,0,1,1
17.28,40,12.33,105.4,13.5,0,1,0
17.33,242,8.58,50.8,18.8,2,1,1
15.87,692,7.88,67.8,9.5,1,1,1
11.72,501,3.21,89.6,6.6,2,0,1
6.57,424,12.09,73.0,22.1,2,0,1
3.72,378,10.34,84.7,5.8,2,0,1
1.63,291,1.85,75.4,19.9,1,1,0
12.52,551,4.88,64.3,14.1,1,2,1
16.89,507,7.51,84.3,7.6,1,1,1
12.17,69,5.38,77.7,12.6,1,0,0
14.0,112,2.45,76.7,12.8,2,1,1
11.54,359,1.94,91.3,21.1,1,1,1
6.99,178,9.8,48.5,18.3,1,3,1
12.26,54,1.56,90.6,13.5,1,1,1
2.65,361,9.8,93.6,9.2,2,1,1
6.22,283,10.44,55.7,4.0,0,0,1
10.18,427,2.34,97.5,14.5,2,3,1
4.79,328,1.04,67.4,20.4,0,0,0
1.49,321,2.34,73.0,15.9,2,1,1
3.61,267,9.37,60.9,7.2,1,0,1
3.57,391,2.48,105.2,13.3,2,2,1
7.16,432,5.67,103.6,7.3,1,0,1
12.01,560,5.82,58.0,5.0,0,0,1
7.2,401,3.71,45.9,10.8,2,1,0
9.27,712,5.02,48.6,14.3,1,3,1
4.59,83,9.96,64.0,7.0,2,0,1
14.1,306,4.95,64.0,18.3,2,2,0
6.73,685,4.7,83.0,21.8,2,1,1
9.03,638,5.6,105.2,22.4,2,0,1
6.8,233,13.77,73.0,18.9,2,1,0
5.07,106,6.85,76.6,20.5,1,2,1
3.44,668,9.54,73.2,22.3,1,1,0
5.39,199,11.94,96.4,17.3,0,0,1
3.35,650,10.95,103.8,9.0,1,3,1
2.91,613,1.63,38.8,8.5,0,2,0
16.98,560,12.07,49.2,16.3,0,0,0
3.79,465,10.66,48.3,13.4,2,3,1
7.95,127,6.4,45.6,17.5,0,2,1
10.51,562,7.67,97.5,14.1,0,1,1
13.08,21,2.15,66.3,15.6,1,1,1
1.7,156,7.37,110.8,17.5,1,0,0
12.52,146,6.14,57.5,9.8,0,2,0
16.44,623,9.23,44.4,19.1,2,1,0
9.21,495,12.58,49.8,11.0,0,1,1
2.77,489,10.18,54.8,6.6,0,2,0
11.8,499,5.93,63.6,20.5,2,2,0
5.35,424,3.34,100.4,17.5,0,2,0
6.21,333,6.82,72.2,6.1,2,3,1
0.7,699,7.17,84.6,13.3,1,0,1
10.9,123,1.87,78.9,13.4,1,1,0
9.14,91,3.52,94.5,17.3,2,3,1
7.72,522,13.34,104.0,16.7,0,1,0
6.66,667,8.16,39.3,5.8,2,1,1
2.29,429,4.19,45.4,15.4,1,0,0
6.67,103,11.48,107.1,8.5,0,0,0
0.71,676,8.4,111.4,5.2,1,0,1
6.03,608,11.14,45.9,10.6,0,3,1
15.33,617,1.38,53.5,20.3,1,2,1
3.9,434,5.95,103.1,6.3,1,1,1
5.57,652,7.609999999999999,62.9,5.0,2,1,0
16.2,286,8.31,55.4,19.9,0,2,0
14.59,531,12.53,104.6,10.9,0,3,0
6.13,467,8.26,65.1,8.0,1,1,1
12.34,518,10.78,80.3,19.3,2,3,1
2.32,307,11.29,80.2,8.9,2,2,1
14.9,103,3.93,82.0,14.1,0,2,1
3.68,318,13.07,41.3,12.7,0,1,1
6.29,308,10.4,70.8,6.3,1,1,1
10.75,533,1.18,93.5,13.6,0,3,1
9.94,143,9.45,73.0,9.1,1,1,1
12.56,484,2.57,111.1,18.6,1,0,0
14.29,627,12.83,105.9,5.6,0,2,1
12.97,248,12.47,76.8,16.3,1,3,1
5.53,392,8.79,85.7,4.5,1,3,1
4.13,341,2.95,68.5,11.7,0,0,1
14.29,190,9.19,44.6,11.3,2,0,0
0.77,488,10.03,97.1,19.4,1,0,1
6.31,407,1.88,42.1,11.5,2,1,0
7.36,91,0.93,60.4,13.4,2,1,0
2.26,561,4.28,90.2,7.9,0,1,0
10.86,547,1.6,86.7,15.7,2,1,1
3.6,640,12.46,89.6,21.8,1,1,1
9.45,109,8.22,82.5,4.3,1,0,1
16.52,648,7.609999999999999,101.1,11.9,0,2,1
7.97,38,1.87,73.0,11.4,0,2,0
1.25,537,5.94,72.1,12.6,1,3,0
1.32,288,11.81,53.5,17.3,0,1,0
2.76,524,5.65,51.9,6.1,1,2,1
10.45,718,7.609999999999999,43.1,16.7,1,1,0
16.54,475,3.88,78.6,4.1,1,1,1
10.62,266,6.33,63.5,16.9,1,1,1
14.16,579,12.45,110.4,22.7,1,1,1
11.35,119,0.92,53.8,13.3,2,1,1
13.46,540,3.34,99.9,5.0,1,3,1
8.24,112,6.65,69.0,13.7,1,3,1
8.05,527,11.91,106.7,7.3,0,0,0
1.72,108,8.55,59.2,9.8,2,1,1
1.06,415,1.98,109.9,22.2,0,1,0
2.37,504,6.64,83.4,13.8,0,0,1
13.72,22,4.53,60.9,21.7,1,1,1
16.56,14,11.58,82.7,9.8,2,1,0
15.26,526,6.66,105.5,10.6,2,2,1
1.78,95,8.74,54.9,9.5,0,0,0
16.01,635,1.95,70.5,6.1,1,2,0
3.18,184,7.2,75.9,14.3,1,2,1
2.67,681,3.98,48.9,10.4,2,0,1
2.28,185,6.0,38.7,22.0,0,3,0
17.24,170,5.93,89.5,19.3,1,2,0
10.98,641,12.55,96.2,4.6,0,2,0
10.33,287,4.41,93.1,10.5,0,1,1
10.29,379,11.18,68.3,11.9,0,3,1
17.73,227,13.84,70.8,10.2,1,1,1
0.77,323,12.04,67.1,5.8,0,2,1
0.83,205,12.92,61.3,11.0,0,1,0
5.26,15,11.33,52.2,6.5,0,2,0
16.17,431,7.609999999999999,53.7,16.0,1,3,1
15.97,275,7.24,98.2,21.3,1,1,1
10.66,217,7.18,104.0,7.6,2,3,0
11.64,370,13.61,96.8,10.6,1,2,1
13.13,459,3.88,41.2,14.1,0,0,0
13.64,553,2.14,103.6,21.6,1,2,0
4.77,538,11.29,51.7,15.4,1,3,1
12.5,68,10.19,67.9,6.2,2,2,0
7.39,537,13.8,109.4,20.1,1,1,0
0.64,626,0.94,88.1,19.9,2,0,0
6.46,433,8.23,57.8,10.3,1,2,1
7.32,92,0.78,59.6,12.1,2,0,1
4.07,160,5.53,86.2,7.2,2,1,0
7.51,606,12.75,73.0,22.2,0,0,1
6.46,37,7.31,103.6,7.5,0,1,1
13.33,691,11.43,62.5,22.1,1,1,1
10.41,44,11.44,95.3,14.0,1,1,0
15.18,621,8.06,70.1,13.4,0,2,1
9.06,37,11.98,111.6,7.7,0,2,0
9.76,510,11.13,107.7,8.6,0,2,1
4.95,697,9.17,111.3,4.9,1,1,0
11.0,389,13.88,86.1,5.1,1,2,0
11.59,173,2.53,41.3,12.4,1,1,1
8.76,304,0.96,75.4,9.2,0,2,1
15.55,124,2.37,107.0,8.8,1,3,0
2.55,540,7.609999999999999,92.8,14.4,1,1,1
12.85,440,6.34,54.6,9.7,2,2,0
16.65,87,5.3,97.3,13.4,0,3,1
11.66,391,5.38,73.6,19.9,0,3,1
9.65,106,7.609999999999999,94.5,5.5,1,3,0
8.88,540,8.84,56.8,8.3,0,0,0
9.73,43,7.609999999999999,67.4,6.9,1,0,1
5.4,694,13.19,83.2,7.1,0,1,0
2.53,653,9.07,52.2,22.6,0,1,0
6.59,463,13.99,47.4,9.0,1,3,0
6.54,139,6.56,76.1,19.8,2,1,1
12.54,599,0.98,63.3,13.9,0,0,1
12.97,42,2.78,45.1,13.4,0,3,0
12.12,632,13.99,96.2,6.7,0,2,1
3.61,710,7.53,50.8,20.3,0,3,1
14.55,234,9.15,71.4,5.3,2,1,1
15.5,299,10.92,71.1,6.6,0,2,0
13.01,533,10.7,80.0,12.3,0,1,0
0.63,152,3.09,87.8,6.6,0,3,1
4.64,133,8.44,48.9,8.8,1,3,1
1.78,490,5.82,70.4,15.1,1,3,1
11.76,594,4.65,108.9,15.5,2,2,1
10.67,580,2.67,89.5,12.6,0,2,1
16.45,451,13.19,46.6,22.2,2,2,1
5.45,26,4.89,53.4,18.1,1,1,1
4.9,528,8.32,71.1,21.3,2,1,1
5.15,658,10.97,95.3,19.1,0,1,0
16.88,454,13.85,95.6,4.4,0,2,0
4.13,248,6.5,99.7,15.5,1,1,1
12.23,515,5.9,84.8,21.5,1,3,1
1.92,322,6.18,74.4,5.6,1,0,0
7.52,236,7.17,109.8,7.0,1,1,1
2.11,608,2.15,65.8,4.3,1,3,1
11.26,413,13.04,93.3,4.4,0,2,0
2.85,565,4.75,38.8,9.3,1,2,1
11.93,692,11.6,102.0,4.4,2,3,1
11.47,322,2.75,73.0,21.4,0,3,0
8.16,70,6.95,46.4,6.4,0,0,1
0.42,214,12.73,48.1,5.3,2,0,0
12.27,537,6.41,54.0,11.7,0,0,1
3.2,259,4.09,52.5,22.2,0,1,1
9.59,362,8.08,94.6,13.4,0,0,1
14.94,538,8.37,66.8,13.4,2,2,1
8.14,352,13.5,56.2,17.9,1,0,1
10.06,171,10.34,112.0,22.2,1,1,1
3.87,340,12.3,54.4,16.1,1,1,1
9.15,353,4.79,73.0,12.7,0,1,1
17.85,711,6.87,49.4,22.9,1,2,1
8.22,327,1.07,102.5,13.0,2,3,1
12.02,100,3.12,69.3,13.4,0,3,1
6.8,569,13.82,97.6,9.3,1,0,0
15.03,367,10.42,103.8,4.2,0,0,0
16.51,352,10.96,73.0,10.8,2,1,1
14.22,609,12.94,74.4,11.0,2,1,1
0.81,510,1.24,57.2,15.3,2,1,1
1.27,296,12.91,64.9,20.4,0,3,0
15.78,512,12.13,40.0,7.9,0,2,0
17.35,166,9.33,62.3,19.8,1,2,0
0.99,206,6.23,59.6,20.7,1,2,0
15.15,142,8.11,107.2,20.9,0,1,1
15.61,145,12.51,54.2,18.5,1,0,1
1.45,512,2.91,89.2,12.0,2,3,1
4.24,73,3.79,39.0,20.1,2,2,1
16.99,577,11.07,58.7,20.8,0,3,1
15.59,245,8.36,86.7,17.8,0,1,1
11.4,213,1.43,79.6,10.0,1,1,1
4.47,180,3.25,40.1,5.2,2,1,1
17.27,527,3.85,66.6,10.8,0,0,0
14.94,681,9.17,84.7,20.8,0,2,1
1.25,237,13.54,49.7,11.6,2,3,1
9.4,381,10.71,109.2,18.4,1,2,1
5.63,65,5.81,103.9,18.0,2,2,1
15.3,609,4.14,67.5,18.4,1,1,1
3.41,139,8.3,87.7,19.6,2,2,1
12.05,311,12.34,79.3,14.0,1,2,0
4.68,5,12.97,59.1,13.4,1,2,1
10.18,444,1.65,91.2,8.1,0,0,1
1.7,488,13.24,98.5,18.3,0,0,1
1.76,481,13.7,41.8,4.5,1,0,1
5.05,59,12.18,38.4,21.4,2,3,1
5.93,290,1.68,51.8,22.9,1,1,1
13.55,127,13.71,91.0,12.3,0,1,1
5.56,166,1.63,110.1,15.6,2,0,1
5.5,690,5.35,64.5,5.3,1,3,0
2.17,515,9.78,57.8,8.5,1,3,0
17.48,247,3.14,102.8,18.3,0,1,0
11.91,247,8.55,84.4,8.2,0,0,1
1.08,663,7.609999999999999,102.0,19.3,0,3,0
3.11,381,5.57,65.8,22.0,1,1,1
12.27,330,11.59,73.0,17.8,2,2,1
13.52,168,4.7,101.3,8.7,1,1,1
14.13,331,0.95,76.6,8.6,0,2,1
1.08,622,6.2,64.6,10.5,1,1,1
15.87,222,10.68,86.7,22.2,1,3,0
13.84,661,9.72,43.8,22.0,1,2,0
4.18,48,5.87,39.4,13.4,0,3,1
7.92,345,2.49,39.1,23.0,1,0,0
4.65,413,4.85,42.5,18.0,1,1,1
6.87,593,13.58,44.1,11.3,0,1,1
13.47,173,10.34,97.2,13.2,0,2,0
4.87,441,10.04,66.8,14.0,1,1,1
17.6,133,1.48,53.5,16.9,1,3,0
2.21,415,6.43,84.9,16.0,2,0,1
0.88,36,6.12,67.4,15.3,1,2,0
5.36,163,8.56,109.2,11.8,0,2,1
4.85,412,11.45,73.0,19.6,1,1,1
9.85,208,13.09,65.9,13.1,1,1,1
3.62,570,11.26,50.1,4.6,0,2,0
14.53,236,8.9,39.5,15.6,0,1,1
11.26,684,4.5,74.1,19.9,0,3,1
11.0,309,6.39,94.0,6.4,1,1,0
0.81,30,2.78,70.4,16.2,0,1,1
5.17,684,11.82,61.3,7.2,1,3,1
15.06,474,12.78,85.3,11.0,1,1,0
1.7,373,7.22,69.4,7.2,0,1,1
15.14,187,7.2,110.1,15.1,2,0,1
11.56,47,8.81,101.6,12.6,0,1,0
9.32,25,5.57,87.6,5.3,0,1,1
15.32,100,1.48,101.0,15.5,0,2,1
2.41,527,11.55,95.7,10.7,0,1,0
10.85,184,10.41,97.7,6.0,2,2,0
14.23,11,9.59,72.5,12.8,1,0,1
11.9,197,12.45,47.1,21.0,1,2,0
16.19,702,2.59,78.0,21.6,0,1,1
11.91,77,4.82,86.7,16.9,2,1,1
5.34,533,5.88,106.3,14.3,0,3,1
2.38,682,12.53,96.7,21.5,0,3,1
14.09,513,4.08,75.4,10.3,1,2,1
3.22,43,5.33,50.4,4.1,1,0,1
6.13,363,5.5,40.1,15.3,0,3,0
15.55,324,4.38,82.1,22.2,1,1,1
16.31,149,0.85,58.9,13.7,2,1,1
17.86,16,2.09,45.7,21.6,2,1,1
17.32,465,3.91,81.1,10.3,0,3,1
3.22,290,4.55,91.4,12.9,0,1,0
8.28,636,6.55,43.2,8.6,2,1,1
11.36,130,7.73,83.8,14.5,1,3,0
12.13,219,7.609999999999999,84.6,6.1,0,1,1
2.44,129,13.19,74.0,6.0,1,1,1
9.87,112,4.45,43.6,11.8,0,0,1
5.41,159,6.45,107.9,12.7,0,1,1
1.25,697,11.95,76.7,15.4,0,1,1
10.37,498,13.15,62.0,17.8,2,2,1
2.65,245,3.82,107.4,21.8,1,1,0
13.72,517,1.63,57.0,7.8,2,2,0
10.87,660,1.66,43.4,6.5,1,2,1
5.55,577,4.26,42.8,19.4,1,3,0
6.66,407,5.84,76.4,19.7,0,1,1
4.16,399,11.47,56.3,14.1,2,1,1
6.99,390,7.609999999999999,84.0,20.5,2,0,1
1.37,135,2.2,61.9,4.7,2,1,1
8.2,13,11.66,38.2,9.1,2,1,1
11.69,659,12.86,108.6,14.4,0,1,1
7.18,96,6.74,79.1,17.9,2,1,1
3.02,712,0.6,109.0,22.4,0,3,1
9.98,701,3.22,58.8,7.6,1,1,0
10.34,271,4.88,106.7,18.5,1,2,1
14.26,162,8.02,56.6,14.5,1,1,0
17.17,231,3.21,108.9,20.5,0,0,1
11.59,270,8.12,77.3,5.3,1,0,1
6.01,337,3.11,80.8,9.4,0,0,1
15.25,594,8.83,61.6,10.9,2,2,1
7.01,556,12.85,80.7,16.1,2,1,1
13.15,655,11.0,90.4,23.0,0,0,0
4.29,473,3.97,50.2,13.4,0,1,1
12.75,656,12.84,94.3,8.6,2,0,1
12.93,502,8.87,68.7,8.7,0,1,0
1.07,500,11.61,46.3,13.8,0,1,1
11.67,43,13.03,53.4,12.4,0,1,1
14.18,422,5.63,67.7,13.8,0,0,0
12.65,613,7.82,49.6,20.2,1,2,0
3.6,447,3.6,88.6,16.5,1,2,0
6.14,142,9.65,78.2,17.4,1,1,1
14.88,231,12.09,73.9,21.1,0,0,1
6.12,199,0.62,42.4,6.5,1,2,1
2.97,88,11.8,104.3,18.7,0,1,1
9.05,241,1.16,109.1,14.4,1,2,1
10.25,17,5.83,78.2,20.0,0,1,0
8.24,719,12.98,49.6,14.6,0,2,1
12.42,455,11.24,57.3,13.1,0,1,0
2.75,553,3.83,98.5,6.2,2,2,0
1.83,75,9.83,107.4,6.7,0,2,1
1.81,658,5.59,44.6,5.8,2,0,0
4.68,42,8.15,53.1,19.9,1,1,0
11.8,547,1.27,73.0,7.4,1,0,1
4.04,208,3.34,64.2,17.6,1,1,1
16.66,450,11.15,81.7,6.6,0,3,1
12.46,581,9.34,58.8,12.6,2,0,0
15.47,447,11.31,94.6,17.5,1,3,1
3.03,196,12.24,71.5,4.2,0,1,1
16.43,550,8.19,83.6,6.0,2,0,0
14.31,681,10.2,53.3,13.5,2,1,1
11.0,121,10.56,71.8,4.5,0,3,0
17.06,528,9.38,72.0,18.1,0,1,0
0.57,192,12.81,64.2,7.4,0,0,0
13.57,244,9.3,50.3,15.8,1,1,1
15.17,281,2.79,52.9,10.0,0,2,0
11.32,391,10.9,108.6,6.4,0,2,1
8.34,70,12.79,39.9,13.3,2,0,1
0.45,419,1.12,40.9,14.5,1,2,1
12.1,600,6.34,102.0,15.5,1,2,0
11.14,197,7.52,73.9,5.8,2,2,0
17.5,505,9.19,50.7,12.1,1,2,0
2.01,414,7.93,87.1,8.0,0,1,1
16.07,621,10.26,81.7,10.3,0,0,1
3.94,496,8.85,42.6,17.2,1,3,1
14.82,265,7.08,58.3,13.5,0,1,1
1.26,354,13.36,82.2,6.6,2,2,1
2.03,142,9.71,47.6,20.0,1,3,0
3.17,431,1.96,109.2,12.7,1,2,1
17.75,294,1.52,64.3,12.8,0,1,1
8.91,87,4.16,95.8,16.0,1,3,1
15.02,104,7.04,68.0,13.5,0,0,1
2.25,416,1.13,96.1,15.9,0,2,1
3.83,70,6.49,65.8,22.6,2,3,1
16.83,48,1.52,62.3,20.1,2,3,0
13.83,189,1.36,53.2,13.4,1,0,0
17.42,638,9.62,43.1,16.5,0,1,1
8.58,142,0.98,66.4,17.9,1,2,0
5.34,687,8.42,92.9,9.5,2,1,0
3.09,458,12.07,108.3,18.3,0,0,0
4.2,697,7.03,45.8,8.8,1,1,1
1.07,479,12.48,73.0,21.8,1,0,0
14.61,111,10.09,66.3,4.9,0,2,0
17.92,118,9.59,55.0,9.1,1,0,0
7.72,671,12.54,98.3,5.5,2,1,0
4.17,92,9.34,86.6,16.4,2,1,1
2.81,244,13.66,54.1,13.4,2,1,1
7.07,378,1.3,110.6,15.7,1,1,1
13.61,30,11.63,57.9,15.9,1,2,0
9.33,362,12.29,103.0,12.0,0,1,1
17.39,647,12.74,75.1,19.9,1,2,0
4.19,511,13.43,67.7,10.1,1,3,1
16.14,318,10.87,59.9,15.6,1,3,0
4.01,44,2.37,67.2,16.2,2,3,1
11.73,56,2.41,103.7,21.5,0,1,1
0.91,282,2.71,77.5,5.2,0,1,1
11.55,241,5.59,52.4,5.4,0,2,1
6.36,95,10.19,96.8,8.4,1,2,0
12.23,319,2.88,102.6,5.0,0,2,1
16.47,122,7.3,75.5,21.7,2,1,1
13.45,524,12.27,77.6,16.4,0,1,0
4.76,149,2.9,96.8,15.1,0,1,1
14.13,343,7.52,68.4,20.7,1,3,1
1.59,67,8.0,108.0,14.7,1,0,0
3.51,674,11.79,64.8,10.7,1,1,0
6.53,32,11.91,84.4,8.7,0,2,1
10.25,148,6.17,55.0,21.4,2,1,1
12.36,319,1.35,52.1,7.0,1,2,0
17.05,256,7.76,68.1,18.2,2,0,1
10.22,70,0.84,95.9,11.3,0,2,1
16.49,315,8.85,52.8,10.8,2,0,1
9.75,288,6.96,91.8,6.4,1,1,1
2.33,246,9.65,66.0,4.6,1,1,1
15.23,21,1.79,41.6,11.5,0,1,1
12.72,333,11.44,62.6,14.8,0,2,1
7.77,450,4.38,43.5,16.4,0,3,1
2.22,279,5.02,59.1,14.7,2,1,1
0.54,417,13.57,61.4,21.1,0,2,1
17.92,665,9.69,61.8,14.7,0,2,1
7.7,5,8.94,48.0,15.0,2,2,0
14.66,321,13.0,69.5,5.9,0,1,0
1.12,520,5.66,108.8,7.3,0,3,1
7.64,428,12.14,69.5,16.5,0,2,0
8.08,719,6.06,82.9,4.6,2,1,1
0.93,693,4.46,60.2,10.8,0,0,1
6.47,522,6.96,75.9,16.8,1,0,1
16.07,415,6.54,67.5,9.7,0,1,0
3.26,144,8.36,68.2,4.5,0,2,1
15.69,194,2.41,92.9,22.4,0,0,0
14.03,600,11.81,46.4,18.2,0,2,1
16.37,227,10.55,105.6,12.2,1,2,0
3.79,452,7.33,101.9,6.2,1,0,1
15.55,148,12.73,53.8,17.2,0,2,0
1.57,166,12.9,71.9,17.5,1,3,0
6.27,599,13.16,69.6,17.9,0,2,0
8.43,657,7.609999999999999,85.1,15.2,1,2,0
7.66,311,1.38,66.4,6.5,2,1,0
4.52,443,2.88,69.0,9.0,2,1,1
14.28,62,13.21,73.0,9.2,1,3,0
11.63,363,8.68,43.7,6.0,0,2,0
15.72,571,7.609999999999999,92.7,20.4,1,1,1
3.3,455,2.17,61.6,20.4,2,3,0
11.1,365,6.72,41.4,11.0,2,1,0
17.36,463,1.04,48.3,14.5,0,0,0
10.85,156,2.56,111.4,7.3,2,1,1
11.24,161,0.97,49.6,14.3,1,2,1
9.73,537,13.63,89.9,15.8,0,1,0
15.97,357,12.74,95.6,8.6,2,2,1
8.63,261,7.37,73.0,7.2,0,1,0
4.81,515,0.9,49.5,5.0,1,1,1
3.16,388,10.78,75.2,15.3,1,1,0
14.28,266,13.78,67.1,5.2,0,0,1
11.63,108,9.1,66.5,10.8,1,1,1
8.65,419,12.56,97.2,21.5,1,1,1
13.2,130,4.5,84.1,19.5,1,2,1
10.24,39,12.22,85.9,16.4,1,3,1
13.31,514,9.9,101.9,11.8,1,0,1
8.13,244,7.609999999999999,63.8,17.2,1,1,0
14.95,190,2.91,73.0,14.1,0,1,1
14.3,521,6.42,40.2,14.5,0,1,0
6.78,30,11.8,62.5,19.6,1,2,0
17.92,31,4.86,44.8,10.6,1,1,0
16.73,507,13.73,41.9,13.1,1,2,1
12.5,285,6.6,71.0,17.0,2,3,0
13.73,193,8.33,71.8,4.6,2,2,1
11.07,97,4.34,57.7,9.5,0,1,1
12.91,577,7.58,94.5,15.3,2,1,1
0.81,442,3.5,61.5,19.8,0,1,1
14.27,465,10.76,86.4,22.9,0,3,0
7.17,58,13.77,72.0,22.7,1,1,0
12.41,136,4.68,91.2,13.5,1,1,1
6.96,40,0.82,91.2,22.1,1,2,0
11.01,678,8.36,110.7,4.2,0,1,1
1.79,147,2.86,58.0,13.8,1,1,1
16.49,197,3.1,59.7,22.9,2,3,1
9.73,433,8.54,100.6,16.4,2,1,1
9.51,665,9.92,92.4,18.3,2,2,1
4.49,35,7.609999999999999,51.6,9.5,1,1,0
7.43,63,5.67,40.4,21.5,0,0,1
17.67,481,4.81,104.7,17.9,2,1,1
10.17,592,0.65,83.2,11.4,0,0,1
12.49,410,13.07,99.9,18.4,2,0,1
7.51,635,11.28,65.0,7.8,1,1,1
7.73,31,0.82,48.1,17.9,1,0,0
11.75,510,10.39,72.0,7.4,2,1,1
17.83,581,3.63,63.6,11.7,1,3,1
15.8,59,12.96,45.3,9.6,2,3,0
6.49,255,12.58,60.1,13.5,0,1,1
6.95,693,2.85,97.6,6.4,2,0,1
1.47,340,2.99,43.9,16.6,1,2,1
13.37,618,7.78,40.1,12.0,1,1,0
16.4,578,1.45,91.7,14.6,1,2,1
4.37,365,5.02,89.7,11.1,2,1,1
17.97,627,11.5,75.1,7.7,1,1,0
11.06,8,8.48,109.5,20.1,1,2,1
9.72,117,3.08,95.5,5.4,0,1,1
0.87,158,11.98,62.1,16.4,1,1,0
16.78,707,4.56,100.4,22.9,2,2,0
17.44,332,7.64,45.9,8.3,1,2,1
2.63,145,1.78,99.2,20.9,2,1,0
2.65,19,10.17,58.9,10.3,1,3,1
7.31,526,8.65,111.5,16.0,1,3,1
9.33,141,7.13,63.5,7.7,0,1,1
10.73,405,11.42,57.3,14.5,1,1,0
