machine_id,predicted_failure_risk_band
MC-PR-0000001,HIGH
MC-PR-0000002,LOW
MC-PR-0000003,HIGH
MC-PR-0000004,LOW
MC-PR-0000005,VERY_LOW
MC-PR-0000006,LOW
MC-PR-0000007,HIGH
MC-PR-0000008,HIGH
MC-PR-0000009,LOW
MC-PR-0000010,MODERATE
MC-PR-0000011,MODERATE
MC-PR-0000012,VERY_LOW
MC-PR-0000013,VERY_LOW
MC-PR-0000014,HIGH
MC-PR-0000015,VERY_LOW
MC-PR-0000016,VERY_LOW
MC-PR-0000017,VERY_LOW
MC-PR-0000018,MODERATE
MC-PR-0000019,MODERATE
MC-PR-0000020,MODERATE
MC-PR-0000021,LOW
MC-PR-0000022,VERY_LOW
MC-PR-0000023,VERY_LOW
MC-PR-0000024,MODERATE
MC-PR-0000025,VERY_LOW
MC-PR-0000026,MODERATE
MC-PR-0000027,HIGH
MC-PR-0000028,HIGH
MC-PR-0000029,VERY_LOW
MC-PR-0000030,CRITICAL
MC-PR-0000031,MODERATE
MC-PR-0000032,HIGH
MC-PR-0000033,MODERATE
MC-PR-0000034,CRITICAL
MC-PR-0000035,VERY_LOW
MC-PR-0000036,HIGH
MC-PR-0000037,CRITICAL
MC-PR-0000038,HIGH
MC-PR-0000039,VERY_LOW
MC-PR-0000040,VERY_LOW
MC-PR-0000041,LOW
MC-PR-0000042,HIGH
MC-PR-0000043,MODERATE
MC-PR-0000044,LOW
MC-PR-0000045,MODERATE
MC-PR-0000046,MODERATE
MC-PR-0000047,MODERATE
MC-PR-0000048,CRITICAL
MC-PR-0000049,MODERATE
MC-PR-0000050,VERY_LOW
MC-PR-0000051,LOW
MC-PR-0000052,LOW
MC-PR-0000053,LOW
MC-PR-0000054,CRITICAL
MC-PR-0000055,LOW
MC-PR-0000056,LOW
MC-PR-0000057,VERY_LOW
MC-PR-0000058,CRITICAL
MC-PR-0000059,MODERATE
MC-PR-0000060,MODERATE
MC-PR-0000061,HIGH
MC-PR-0000062,LOW
MC-PR-0000063,LOW
MC-PR-0000064,LOW
MC-PR-0000065,CRITICAL
MC-PR-0000066,HIGH
MC-PR-0000067,MODERATE
MC-PR-0000068,VERY_LOW
MC-PR-0000069,LOW
MC-PR-0000070,HIGH
MC-PR-0000071,HIGH
MC-PR-0000072,VERY_LOW
MC-PR-0000073,VERY_LOW
MC-PR-0000074,CRITICAL
MC-PR-0000075,CRITICAL
MC-PR-0000076,HIGH
MC-PR-0000077,MODERATE
MC-PR-0000078,MODERATE
MC-PR-0000079,CRITICAL
MC-PR-0000080,CRITICAL
MC-PR-0000081,MODERATE
MC-PR-0000082,MODERATE
MC-PR-0000083,VERY_LOW
MC-PR-0000084,MODERATE
MC-PR-0000085,VERY_LOW
MC-PR-0000086,VERY_LOW
MC-PR-0000087,LOW
MC-PR-0000088,MODERATE
MC-PR-0000089,MODERATE
MC-PR-0000090,MODERATE
MC-PR-0000091,MODERATE
MC-PR-0000092,LOW
MC-PR-0000093,MODERATE
MC-PR-0000094,LOW
MC-PR-0000095,HIGH
MC-PR-0000096,HIGH
MC-PR-0000097,HIGH
MC-PR-0000098,MODERATE
MC-PR-0000099,HIGH
MC-PR-0000100,VERY_LOW
MC-PR-0000101,MODERATE
MC-PR-0000102,MODERATE
MC-PR-0000103,VERY_LOW
MC-PR-0000104,HIGH
MC-PR-0000105,LOW
MC-PR-0000106,HIGH
MC-PR-0000107,LOW
MC-PR-0000108,CRITICAL
MC-PR-0000109,CRITICAL
MC-PR-0000110,MODERATE
MC-PR-0000111,MODERATE
MC-PR-0000112,MODERATE
MC-PR-0000113,LOW
MC-PR-0000114,LOW
MC-PR-0000115,MODERATE
MC-PR-0000116,LOW
MC-PR-0000117,HIGH
MC-PR-0000118,HIGH
MC-PR-0000119,CRITICAL
MC-PR-0000120,VERY_LOW
MC-PR-0000121,CRITICAL
MC-PR-0000122,HIGH
MC-PR-0000123,CRITICAL
MC-PR-0000124,CRITICAL
MC-PR-0000125,LOW
MC-PR-0000126,CRITICAL
MC-PR-0000127,HIGH
MC-PR-0000128,LOW
MC-PR-0000129,CRITICAL
MC-PR-0000130,LOW
MC-PR-0000131,HIGH
MC-PR-0000132,LOW
MC-PR-0000133,LOW
MC-PR-0000134,MODERATE
MC-PR-0000135,LOW
MC-PR-0000136,CRITICAL
MC-PR-0000137,CRITICAL
MC-PR-0000138,HIGH
MC-PR-0000139,LOW
MC-PR-0000140,MODERATE
MC-PR-0000141,HIGH
MC-PR-0000142,HIGH
MC-PR-0000143,CRITICAL
MC-PR-0000144,VERY_LOW
MC-PR-0000145,LOW
MC-PR-0000146,HIGH
MC-PR-0000147,LOW
MC-PR-0000148,VERY_LOW
MC-PR-0000149,MODERATE
MC-PR-0000150,LOW
MC-PR-0000151,MODERATE
MC-PR-0000152,LOW
MC-PR-0000153,MODERATE
MC-PR-0000154,MODERATE
MC-PR-0000155,MODERATE
MC-PR-0000156,CRITICAL
MC-PR-0000157,LOW
MC-PR-0000158,MODERATE
MC-PR-0000159,MODERATE
MC-PR-0000160,HIGH
MC-PR-0000161,LOW
MC-PR-0000162,LOW
MC-PR-0000163,LOW
MC-PR-0000164,HIGH
MC-PR-0000165,CRITICAL
MC-PR-0000166,LOW
MC-PR-0000167,MODERATE
MC-PR-0000168,HIGH
MC-PR-0000169,HIGH
MC-PR-0000170,HIGH
MC-PR-0000171,VERY_LOW
MC-PR-0000172,MODERATE
MC-PR-0000173,LOW
MC-PR-0000174,MODERATE
MC-PR-0000175,CRITICAL
MC-PR-0000176,LOW
MC-PR-0000177,LOW
MC-PR-0000178,MODERATE
MC-PR-0000179,CRITICAL
MC-PR-0000180,VERY_LOW
MC-PR-0000181,MODERATE
MC-PR-0000182,CRITICAL
MC-PR-0000183,MODERATE
MC-PR-0000184,MODERATE
MC-PR-0000185,MODERATE
MC-PR-0000186,HIGH
MC-PR-0000187,HIGH
MC-PR-0000188,LOW
MC-PR-0000189,VERY_LOW
MC-PR-0000190,VERY_LOW
MC-PR-0000191,LOW
MC-PR-0000192,CRITICAL
MC-PR-0000193,MODERATE
MC-PR-0000194,MODERATE
MC-PR-0000195,MODERATE
MC-PR-0000196,CRITICAL
MC-PR-0000197,HIGH
MC-PR-0000198,LOW
MC-PR-0000199,MODERATE
MC-PR-0000200,LOW
MC-PR-0000201,LOW
MC-PR-0000202,LOW
MC-PR-0000203,HIGH
MC-PR-0000204,MODERATE
MC-PR-0000205,VERY_LOW
MC-PR-0000206,CRITICAL
MC-PR-0000207,MODERATE
MC-PR-0000208,VERY_LOW
MC-PR-0000209,HIGH
MC-PR-0000210,HIGH
MC-PR-0000211,HIGH
MC-PR-0000212,CRITICAL
MC-PR-0000213,LOW
MC-PR-0000214,LOW
MC-PR-0000215,CRITICAL
MC-PR-0000216,LOW
MC-PR-0000217,LOW
MC-PR-0000218,LOW
MC-PR-0000219,CRITICAL
MC-PR-0000220,VERY_LOW
MC-PR-0000221,LOW
MC-PR-0000222,VERY_LOW
MC-PR-0000223,LOW
MC-PR-0000224,MODERATE
MC-PR-0000225,HIGH
MC-PR-0000226,MODERATE
MC-PR-0000227,LOW
MC-PR-0000228,LOW
MC-PR-0000229,MODERATE
MC-PR-0000230,VERY_LOW
MC-PR-0000231,MODERATE
MC-PR-0000232,VERY_LOW
MC-PR-0000233,CRITICAL
MC-PR-0000234,HIGH
MC-PR-0000235,CRITICAL
MC-PR-0000236,LOW
MC-PR-0000237,VERY_LOW
MC-PR-0000238,VERY_LOW
MC-PR-0000239,VERY_LOW
MC-PR-0000240,LOW
MC-PR-0000241,LOW
MC-PR-0000242,LOW
MC-PR-0000243,HIGH
MC-PR-0000244,LOW
MC-PR-0000245,MODERATE
MC-PR-0000246,MODERATE
MC-PR-0000247,LOW
MC-PR-0000248,CRITICAL
MC-PR-0000249,VERY_LOW
MC-PR-0000250,VERY_LOW
MC-PR-0000251,LOW
MC-PR-0000252,HIGH
MC-PR-0000253,HIGH
MC-PR-0000254,MODERATE
MC-PR-0000255,LOW
MC-PR-0000256,MODERATE
MC-PR-0000257,VERY_LOW
MC-PR-0000258,MODERATE
MC-PR-0000259,MODERATE
MC-PR-0000260,HIGH
MC-PR-0000261,LOW
MC-PR-0000262,HIGH
MC-PR-0000263,MODERATE
MC-PR-0000264,CRITICAL
MC-PR-0000265,CRITICAL
MC-PR-0000266,MODERATE
MC-PR-0000267,VERY_LOW
MC-PR-0000268,CRITICAL
MC-PR-0000269,MODERATE
MC-PR-0000270,MODERATE
MC-PR-0000271,LOW
MC-PR-0000272,VERY_LOW
MC-PR-0000273,LOW
MC-PR-0000274,HIGH
MC-PR-0000275,HIGH
MC-PR-0000276,HIGH
MC-PR-0000277,LOW
MC-PR-0000278,LOW
MC-PR-0000279,LOW
MC-PR-0000280,CRITICAL
MC-PR-0000281,CRITICAL
MC-PR-0000282,LOW
MC-PR-0000283,CRITICAL
MC-PR-0000284,VERY_LOW
MC-PR-0000285,MODERATE
MC-PR-0000286,MODERATE
MC-PR-0000287,MODERATE
MC-PR-0000288,LOW
MC-PR-0000289,VERY_LOW
MC-PR-0000290,LOW
MC-PR-0000291,LOW
MC-PR-0000292,LOW
MC-PR-0000293,LOW
MC-PR-0000294,LOW
MC-PR-0000295,LOW
MC-PR-0000296,VERY_LOW
MC-PR-0000297,LOW
MC-PR-0000298,CRITICAL
MC-PR-0000299,CRITICAL
MC-PR-0000300,MODERATE
MC-PR-0000301,LOW
MC-PR-0000302,LOW
MC-PR-0000303,MODERATE
MC-PR-0000304,HIGH
MC-PR-0000305,LOW
MC-PR-0000306,HIGH
MC-PR-0000307,MODERATE
MC-PR-0000308,CRITICAL
MC-PR-0000309,VERY_LOW
MC-PR-0000310,HIGH
MC-PR-0000311,HIGH
MC-PR-0000312,LOW
MC-PR-0000313,MODERATE
MC-PR-0000314,HIGH
MC-PR-0000315,LOW
MC-PR-0000316,CRITICAL
MC-PR-0000317,MODERATE
MC-PR-0000318,MODERATE
MC-PR-0000319,MODERATE
MC-PR-0000320,MODERATE
MC-PR-0000321,MODERATE
MC-PR-0000322,VERY_LOW
MC-PR-0000323,MODERATE
MC-PR-0000324,MODERATE
MC-PR-0000325,VERY_LOW
MC-PR-0000326,LOW
MC-PR-0000327,MODERATE
MC-PR-0000328,LOW
MC-PR-0000329,LOW
MC-PR-0000330,HIGH
MC-PR-0000331,VERY_LOW
MC-PR-0000332,HIGH
MC-PR-0000333,VERY_LOW
MC-PR-0000334,VERY_LOW
MC-PR-0000335,VERY_LOW
MC-PR-0000336,HIGH
MC-PR-0000337,MODERATE
MC-PR-0000338,VERY_LOW
MC-PR-0000339,VERY_LOW
MC-PR-0000340,LOW
MC-PR-0000341,VERY_LOW
MC-PR-0000342,MODERATE
MC-PR-0000343,MODERATE
MC-PR-0000344,CRITICAL
MC-PR-0000345,MODERATE
MC-PR-0000346,LOW
MC-PR-0000347,MODERATE
MC-PR-0000348,HIGH
MC-PR-0000349,CRITICAL
MC-PR-0000350,VERY_LOW
MC-PR-0000351,HIGH
MC-PR-0000352,LOW
MC-PR-0000353,VERY_LOW
MC-PR-0000354,HIGH
MC-PR-0000355,VERY_LOW
MC-PR-0000356,HIGH
MC-PR-0000357,VERY_LOW
MC-PR-0000358,HIGH
MC-PR-0000359,MODERATE
MC-PR-0000360,LOW
MC-PR-0000361,MODERATE
MC-PR-0000362,HIGH
MC-PR-0000363,LOW
MC-PR-0000364,LOW
MC-PR-0000365,VERY_LOW
MC-PR-0000366,MODERATE
MC-PR-0000367,CRITICAL
MC-PR-0000368,LOW
MC-PR-0000369,VERY_LOW
MC-PR-0000370,HIGH
MC-PR-0000371,HIGH
MC-PR-0000372,LOW
MC-PR-0000373,MODERATE
MC-PR-0000374,MODERATE
MC-PR-0000375,LOW
MC-PR-0000376,MODERATE
MC-PR-0000377,CRITICAL
MC-PR-0000378,VERY_LOW
MC-PR-0000379,HIGH
MC-PR-0000380,MODERATE
MC-PR-0000381,LOW
MC-PR-0000382,LOW
MC-PR-0000383,VERY_LOW
MC-PR-0000384,HIGH
MC-PR-0000385,VERY_LOW
MC-PR-0000386,HIGH
MC-PR-0000387,CRITICAL
MC-PR-0000388,HIGH
MC-PR-0000389,LOW
MC-PR-0000390,VERY_LOW
MC-PR-0000391,LOW
MC-PR-0000392,HIGH
MC-PR-0000393,VERY_LOW
MC-PR-0000394,VERY_LOW
MC-PR-0000395,LOW
MC-PR-0000396,MODERATE
MC-PR-0000397,CRITICAL
MC-PR-0000398,VERY_LOW
MC-PR-0000399,CRITICAL
MC-PR-0000400,VERY_LOW
MC-PR-0000401,LOW
MC-PR-0000402,LOW
MC-PR-0000403,VERY_LOW
MC-PR-0000404,MODERATE
MC-PR-0000405,LOW
MC-PR-0000406,VERY_LOW
MC-PR-0000407,CRITICAL
MC-PR-0000408,VERY_LOW
MC-PR-0000409,HIGH
MC-PR-0000410,VERY_LOW
MC-PR-0000411,CRITICAL
MC-PR-0000412,VERY_LOW
MC-PR-0000413,HIGH
MC-PR-0000414,LOW
MC-PR-0000415,VERY_LOW
MC-PR-0000416,HIGH
MC-PR-0000417,CRITICAL
MC-PR-0000418,VERY_LOW
MC-PR-0000419,MODERATE
MC-PR-0000420,LOW
MC-PR-0000421,VERY_LOW
MC-PR-0000422,VERY_LOW
MC-PR-0000423,HIGH
MC-PR-0000424,CRITICAL
MC-PR-0000425,MODERATE
MC-PR-0000426,MODERATE
MC-PR-0000427,MODERATE
MC-PR-0000428,VERY_LOW
MC-PR-0000429,LOW
MC-PR-0000430,VERY_LOW
MC-PR-0000431,MODERATE
MC-PR-0000432,HIGH
MC-PR-0000433,HIGH
MC-PR-0000434,CRITICAL
MC-PR-0000435,LOW
MC-PR-0000436,CRITICAL
MC-PR-0000437,LOW
MC-PR-0000438,LOW
MC-PR-0000439,CRITICAL
MC-PR-0000440,MODERATE
MC-PR-0000441,LOW
MC-PR-0000442,VERY_LOW
MC-PR-0000443,LOW
MC-PR-0000444,MODERATE
MC-PR-0000445,MODERATE
MC-PR-0000446,HIGH
MC-PR-0000447,HIGH
MC-PR-0000448,MODERATE
MC-PR-0000449,CRITICAL
MC-PR-0000450,CRITICAL
MC-PR-0000451,CRITICAL
MC-PR-0000452,HIGH
MC-PR-0000453,VERY_LOW
MC-PR-0000454,VERY_LOW
MC-PR-0000455,HIGH
MC-PR-0000456,MODERATE
MC-PR-0000457,LOW
MC-PR-0000458,HIGH
MC-PR-0000459,MODERATE
MC-PR-0000460,MODERATE
MC-PR-0000461,LOW
MC-PR-0000462,VERY_LOW
MC-PR-0000463,HIGH
MC-PR-0000464,LOW
MC-PR-0000465,MODERATE
MC-PR-0000466,LOW
MC-PR-0000467,LOW
MC-PR-0000468,VERY_LOW
MC-PR-0000469,CRITICAL
MC-PR-0000470,LOW
MC-PR-0000471,LOW
MC-PR-0000472,MODERATE
MC-PR-0000473,HIGH
MC-PR-0000474,VERY_LOW
MC-PR-0000475,VERY_LOW
MC-PR-0000476,LOW
MC-PR-0000477,CRITICAL
MC-PR-0000478,MODERATE
MC-PR-0000479,HIGH
MC-PR-0000480,VERY_LOW
MC-PR-0000481,MODERATE
MC-PR-0000482,CRITICAL
MC-PR-0000483,CRITICAL
MC-PR-0000484,MODERATE
MC-PR-0000485,HIGH
MC-PR-0000486,VERY_LOW
MC-PR-0000487,HIGH
MC-PR-0000488,VERY_LOW
MC-PR-0000489,CRITICAL
MC-PR-0000490,VERY_LOW
MC-PR-0000491,CRITICAL
MC-PR-0000492,MODERATE
MC-PR-0000493,VERY_LOW
MC-PR-0000494,LOW
MC-PR-0000495,LOW
MC-PR-0000496,VERY_LOW
MC-PR-0000497,HIGH
MC-PR-0000498,HIGH
MC-PR-0000499,MODERATE
MC-PR-0000500,CRITICAL
MC-PR-0000501,LOW
MC-PR-0000502,VERY_LOW
MC-PR-0000503,HIGH
MC-PR-0000504,HIGH
MC-PR-0000505,VERY_LOW
MC-PR-0000506,CRITICAL
MC-PR-0000507,CRITICAL
MC-PR-0000508,MODERATE
MC-PR-0000509,HIGH
MC-PR-0000510,VERY_LOW
MC-PR-0000511,MODERATE
MC-PR-0000512,HIGH
MC-PR-0000513,MODERATE
MC-PR-0000514,VERY_LOW
MC-PR-0000515,CRITICAL
MC-PR-0000516,MODERATE
MC-PR-0000517,MODERATE
MC-PR-0000518,VERY_LOW
MC-PR-0000519,HIGH
MC-PR-0000520,MODERATE
MC-PR-0000521,VERY_LOW
MC-PR-0000522,VERY_LOW
MC-PR-0000523,MODERATE
MC-PR-0000524,CRITICAL
MC-PR-0000525,LOW
MC-PR-0000526,CRITICAL
MC-PR-0000527,HIGH
MC-PR-0000528,MODERATE
MC-PR-0000529,MODERATE
MC-PR-0000530,HIGH
MC-PR-0000531,LOW
MC-PR-0000532,LOW
MC-PR-0000533,CRITICAL
MC-PR-0000534,LOW
MC-PR-0000535,MODERATE
MC-PR-0000536,VERY_LOW
MC-PR-0000537,HIGH
MC-PR-0000538,MODERATE
MC-PR-0000539,LOW
MC-PR-0000540,LOW
MC-PR-0000541,HIGH
MC-PR-0000542,LOW
MC-PR-0000543,HIGH
MC-PR-0000544,VERY_LOW
MC-PR-0000545,HIGH
MC-PR-0000546,MODERATE
MC-PR-0000547,LOW
MC-PR-0000548,VERY_LOW
MC-PR-0000549,CRITICAL
MC-PR-0000550,HIGH
MC-PR-0000551,VERY_LOW
MC-PR-0000552,LOW
MC-PR-0000553,VERY_LOW
MC-PR-0000554,MODERATE
MC-PR-0000555,CRITICAL
MC-PR-0000556,LOW
MC-PR-0000557,LOW
MC-PR-0000558,LOW
MC-PR-0000559,VERY_LOW
MC-PR-0000560,HIGH
MC-PR-0000561,MODERATE
MC-PR-0000562,LOW
MC-PR-0000563,LOW
MC-PR-0000564,LOW
MC-PR-0000565,MODERATE
MC-PR-0000566,MODERATE
MC-PR-0000567,VERY_LOW
MC-PR-0000568,LOW
MC-PR-0000569,HIGH
MC-PR-0000570,VERY_LOW
MC-PR-0000571,CRITICAL
MC-PR-0000572,HIGH
MC-PR-0000573,VERY_LOW
MC-PR-0000574,HIGH
MC-PR-0000575,HIGH
MC-PR-0000576,HIGH
MC-PR-0000577,LOW
MC-PR-0000578,MODERATE
MC-PR-0000579,HIGH
MC-PR-0000580,MODERATE
MC-PR-0000581,HIGH
MC-PR-0000582,CRITICAL
MC-PR-0000583,MODERATE
MC-PR-0000584,VERY_LOW
MC-PR-0000585,VERY_LOW
MC-PR-0000586,MODERATE
MC-PR-0000587,VERY_LOW
MC-PR-0000588,LOW
MC-PR-0000589,MODERATE
MC-PR-0000590,LOW
MC-PR-0000591,LOW
MC-PR-0000592,MODERATE
MC-PR-0000593,LOW
MC-PR-0000594,VERY_LOW
MC-PR-0000595,VERY_LOW
MC-PR-0000596,HIGH
MC-PR-0000597,MODERATE
MC-PR-0000598,HIGH
MC-PR-0000599,HIGH
MC-PR-0000600,LOW
MC-PR-0000601,LOW
MC-PR-0000602,LOW
MC-PR-0000603,LOW
MC-PR-0000604,LOW
MC-PR-0000605,MODERATE
MC-PR-0000606,VERY_LOW
MC-PR-0000607,LOW
MC-PR-0000608,CRITICAL
MC-PR-0000609,LOW
MC-PR-0000610,HIGH
MC-PR-0000611,LOW
MC-PR-0000612,HIGH
MC-PR-0000613,LOW
MC-PR-0000614,HIGH
MC-PR-0000615,VERY_LOW
MC-PR-0000616,VERY_LOW
MC-PR-0000617,HIGH
MC-PR-0000618,HIGH
MC-PR-0000619,CRITICAL
MC-PR-0000620,VERY_LOW
MC-PR-0000621,CRITICAL
MC-PR-0000622,MODERATE
MC-PR-0000623,LOW
MC-PR-0000624,LOW
MC-PR-0000625,LOW
MC-PR-0000626,HIGH
MC-PR-0000627,MODERATE
MC-PR-0000628,LOW
MC-PR-0000629,MODERATE
MC-PR-0000630,VERY_LOW
MC-PR-0000631,CRITICAL
MC-PR-0000632,HIGH
MC-PR-0000633,LOW
MC-PR-0000634,MODERATE
MC-PR-0000635,MODERATE
MC-PR-0000636,MODERATE
MC-PR-0000637,HIGH
MC-PR-0000638,VERY_LOW
MC-PR-0000639,VERY_LOW
MC-PR-0000640,LOW
MC-PR-0000641,VERY_LOW
MC-PR-0000642,HIGH
MC-PR-0000643,MODERATE
MC-PR-0000644,CRITICAL
MC-PR-0000645,VERY_LOW
MC-PR-0000646,HIGH
MC-PR-0000647,HIGH
MC-PR-0000648,LOW
MC-PR-0000649,HIGH
MC-PR-0000650,VERY_LOW
MC-PR-0000651,LOW
MC-PR-0000652,LOW
MC-PR-0000653,CRITICAL
MC-PR-0000654,LOW
MC-PR-0000655,VERY_LOW
MC-PR-0000656,CRITICAL
MC-PR-0000657,LOW
MC-PR-0000658,MODERATE
MC-PR-0000659,LOW
MC-PR-0000660,HIGH
MC-PR-0000661,LOW
MC-PR-0000662,LOW
MC-PR-0000663,MODERATE
MC-PR-0000664,LOW
MC-PR-0000665,HIGH
MC-PR-0000666,LOW
MC-PR-0000667,MODERATE
MC-PR-0000668,VERY_LOW
MC-PR-0000669,MODERATE
MC-PR-0000670,LOW
MC-PR-0000671,LOW
MC-PR-0000672,VERY_LOW
MC-PR-0000673,MODERATE
MC-PR-0000674,VERY_LOW
MC-PR-0000675,HIGH
MC-PR-0000676,CRITICAL
MC-PR-0000677,VERY_LOW
MC-PR-0000678,MODERATE
MC-PR-0000679,LOW
MC-PR-0000680,LOW
MC-PR-0000681,CRITICAL
MC-PR-0000682,MODERATE
MC-PR-0000683,LOW
MC-PR-0000684,HIGH
MC-PR-0000685,MODERATE
MC-PR-0000686,CRITICAL
MC-PR-0000687,CRITICAL
MC-PR-0000688,MODERATE
MC-PR-0000689,MODERATE
MC-PR-0000690,VERY_LOW
MC-PR-0000691,MODERATE
MC-PR-0000692,VERY_LOW
MC-PR-0000693,VERY_LOW
MC-PR-0000694,HIGH
MC-PR-0000695,MODERATE
MC-PR-0000696,MODERATE
MC-PR-0000697,HIGH
MC-PR-0000698,LOW
MC-PR-0000699,MODERATE
MC-PR-0000700,HIGH
MC-PR-0000701,LOW
MC-PR-0000702,MODERATE
MC-PR-0000703,LOW
MC-PR-0000704,VERY_LOW
MC-PR-0000705,MODERATE
MC-PR-0000706,MODERATE
MC-PR-0000707,LOW
MC-PR-0000708,MODERATE
MC-PR-0000709,VERY_LOW
MC-PR-0000710,VERY_LOW
MC-PR-0000711,MODERATE
MC-PR-0000712,LOW
MC-PR-0000713,VERY_LOW
MC-PR-0000714,MODERATE
MC-PR-0000715,HIGH
MC-PR-0000716,LOW
MC-PR-0000717,MODERATE
MC-PR-0000718,HIGH
MC-PR-0000719,MODERATE
MC-PR-0000720,MODERATE
MC-PR-0000721,VERY_LOW
MC-PR-0000722,LOW
MC-PR-0000723,LOW
MC-PR-0000724,VERY_LOW
MC-PR-0000725,HIGH
MC-PR-0000726,HIGH
MC-PR-0000727,CRITICAL
MC-PR-0000728,MODERATE
MC-PR-0000729,MODERATE
MC-PR-0000730,MODERATE
MC-PR-0000731,HIGH
MC-PR-0000732,HIGH
MC-PR-0000733,VERY_LOW
MC-PR-0000734,VERY_LOW
MC-PR-0000735,MODERATE
MC-PR-0000736,LOW
MC-PR-0000737,CRITICAL
MC-PR-0000738,LOW
MC-PR-0000739,LOW
MC-PR-0000740,LOW
MC-PR-0000741,HIGH
MC-PR-0000742,VERY_LOW
MC-PR-0000743,CRITICAL
MC-PR-0000744,CRITICAL
MC-PR-0000745,VERY_LOW
MC-PR-0000746,VERY_LOW
MC-PR-0000747,LOW
MC-PR-0000748,LOW
MC-PR-0000749,VERY_LOW
MC-PR-0000750,CRITICAL
MC-PR-0000751,MODERATE
MC-PR-0000752,HIGH
MC-PR-0000753,CRITICAL
MC-PR-0000754,LOW
MC-PR-0000755,LOW
MC-PR-0000756,MODERATE
MC-PR-0000757,MODERATE
MC-PR-0000758,VERY_LOW
MC-PR-0000759,HIGH
MC-PR-0000760,MODERATE
MC-PR-0000761,LOW
MC-PR-0000762,VERY_LOW
MC-PR-0000763,HIGH
MC-PR-0000764,VERY_LOW
MC-PR-0000765,CRITICAL
MC-PR-0000766,MODERATE
MC-PR-0000767,MODERATE
MC-PR-0000768,MODERATE
MC-PR-0000769,CRITICAL
MC-PR-0000770,VERY_LOW
MC-PR-0000771,LOW
MC-PR-0000772,CRITICAL
MC-PR-0000773,CRITICAL
MC-PR-0000774,VERY_LOW
MC-PR-0000775,VERY_LOW
MC-PR-0000776,CRITICAL
MC-PR-0000777,LOW
MC-PR-0000778,CRITICAL
MC-PR-0000779,LOW
MC-PR-0000780,VERY_LOW
MC-PR-0000781,MODERATE
MC-PR-0000782,MODERATE
MC-PR-0000783,MODERATE
MC-PR-0000784,LOW
MC-PR-0000785,MODERATE
MC-PR-0000786,VERY_LOW
MC-PR-0000787,MODERATE
MC-PR-0000788,HIGH
MC-PR-0000789,LOW
MC-PR-0000790,HIGH
MC-PR-0000791,CRITICAL
MC-PR-0000792,LOW
MC-PR-0000793,LOW
MC-PR-0000794,CRITICAL
MC-PR-0000795,LOW
MC-PR-0000796,MODERATE
MC-PR-0000797,VERY_LOW
MC-PR-0000798,CRITICAL
MC-PR-0000799,VERY_LOW
MC-PR-0000800,MODERATE
